rang,terme,apparitions,taux_brut_stt,taux_normalise_stt,taux_lexique_stt,taux_brut_humain,taux_normalise_humain,taux_lexique_humain,taux_brut_combine,taux_normalise_combine,taux_lexique_combine,apport_normalisation_combine,apport_lexique_combine,apport_total_combine
1,hypoténuse,16,1.0000,1.0000,1.0000,,,,1.0000,1.0000,1.0000,0.0000,0.0000,0.0000
2,angle droit,14,0.7857,0.7857,1.0000,,,,0.7857,0.7857,1.0000,0.0000,-0.2143,-0.2143
3,triangle rectangle,13,0.9231,0.8462,1.0000,,,,0.9231,0.8462,1.0000,0.0769,-0.1538,-0.0769
4,réciproque,9,1.0000,1.0000,1.0000,,,,1.0000,1.0000,1.0000,0.0000,0.0000,0.0000
5,alignés,6,0.8333,0.8333,1.0000,,,,0.8333,0.8333,1.0000,0.0000,-0.1667,-0.1667
6,segment,6,1.0000,1.0000,1.0000,,,,1.0000,1.0000,1.0000,0.0000,0.0000,0.0000
7,théorème de Pythagore,6,1.0000,1.0000,1.0000,,,,1.0000,1.0000,1.0000,0.0000,0.0000,0.0000
8,théorème de Thalès,6,1.0000,1.0000,1.0000,,,,1.0000,1.0000,1.0000,0.0000,0.0000,0.0000
9,arrondi,5,1.0000,0.8000,1.0000,,,,1.0000,0.8000,1.0000,0.2000,-0.2000,0.0000
10,dixième,5,0.8000,1.0000,1.0000,,,,0.8000,1.0000,1.0000,-0.2000,0.0000,-0.2000
11,perpendiculaire,5,1.0000,1.0000,1.0000,,,,1.0000,1.0000,1.0000,0.0000,0.0000,0.0000
12,milieu,4,1.0000,1.0000,1.0000,,,,1.0000,1.0000,1.0000,0.0000,0.0000,0.0000
13,produit en croix,4,0.7500,0.5000,1.0000,,,,0.7500,0.5000,1.0000,0.2500,-0.5000,-0.2500
14,proportionnel,4,0.0000,0.2500,1.0000,,,,0.0000,0.2500,1.0000,-0.2500,-0.7500,-1.0000
15,racine carrée,4,1.0000,1.0000,1.0000,,,,1.0000,1.0000,1.0000,0.0000,0.0000,0.0000
16,réduction,4,0.7500,1.0000,1.0000,,,,0.7500,1.0000,1.0000,-0.2500,0.0000,-0.2500
17,hauteur,9,0.7778,0.7778,0.8889,,,,0.7778,0.7778,0.8889,0.0000,-0.1111,-0.1111
18,droites parallèles,7,1.0000,1.0000,0.8571,,,,1.0000,1.0000,0.8571,0.0000,0.1429,0.1429
19,distance,5,0.0000,0.0000,0.8000,,,,0.0000,0.0000,0.8000,0.0000,-0.8000,-0.8000
20,égalité,12,0.7500,0.5833,0.7500,,,,0.7500,0.5833,0.7500,0.1667,-0.1667,0.0000
21,diagonale,8,1.0000,1.0000,0.7500,,,,1.0000,1.0000,0.7500,0.0000,0.2500,0.2500
22,contraposée,4,1.0000,1.0000,0.7500,,,,1.0000,1.0000,0.7500,0.0000,0.2500,0.2500
23,sommet,4,1.0000,1.0000,0.7500,,,,1.0000,1.0000,0.7500,0.0000,0.2500,0.2500
24,rapport,11,0.7273,0.7273,0.7273,,,,0.7273,0.7273,0.7273,0.0000,0.0000,0.0000
25,mètres,10,1.0000,0.9000,0.6000,,,,1.0000,0.9000,0.6000,0.1000,0.3000,0.4000
26,côté,19,0.6316,0.5263,0.5263,,,,0.6316,0.5263,0.5263,0.1053,0.0000,0.1053
27,centimètres,7,0.7143,0.7143,0.4286,,,,0.7143,0.7143,0.4286,0.0000,0.2857,0.2857
28,longueur,16,0.3750,0.3125,0.3750,,,,0.3750,0.3125,0.3750,0.0625,-0.0625,0.0000
29,somme,4,0.5000,0.5000,0.2500,,,,0.5000,0.5000,0.2500,0.0000,0.2500,0.2500
30,carré,9,0.2222,0.2222,0.2222,,,,0.2222,0.2222,0.2222,0.0000,0.0000,0.0000
