id,texte_source,elements_formule_non_reperes_stt_normalise,details_formule_normalise,termes_non_reperes_stt_normalise,details_termes_normalise,wer_normalise,transcription_normalise,audio_normalise,elements_formule_non_reperes_stt_lexique,details_formule_lexique,termes_non_reperes_stt_lexique,details_termes_lexique,wer_lexique,transcription_lexique,audio_lexique
P038,"4,2² + 5,6² = 49 te 7,1² = 50,41 : égalité bi amul, kon contraposée bi la nuy jëfandikoo.",6,carre carre x3; egal egal x2; plus plus x1,2,égalité x1; contraposée x1,0.9118,4 2 õ 4 5 6 õ 49 7 õ 1 õ 50 õ 41 te gayte bi amul kod kontaa koose bi lañuy jëfandikoo,audio/P038_normalise.wav,6,carre carre x3; egal egal x2; plus plus x1,1,égalité x1,0.8235,49 741 rël bi amul kon kontarapose bi lañuy jëfandikoo,audio/P038_lexique.wav
T029,M mooy milieu [AB] te N milieu [AC] : kon (MN) // (BC) te MN = BC/2.,6,point AB x1; point AC x1; point BC x1; point MN x2; egal egal x1,2,milieu x2,0.8800,moo ngillia abbe te eminé a se kon dem atu paralel a dc dem enégal b c sur 2,audio/T029_normalise.wav,3,point MN x2; egal egal x1,2,milieu x2,0.8400,1 mooy mili a b te 1 mili ac kon en parallèle ak bc téeméer ànd ak bc sodor,audio/T029_lexique.wav
P017,"DEF triangle rectangle la ci E, DF = 13 cm ak DE = 5 cm. Seetal côté EF.",6,point DE x1; point DEF x1; point DF x1; point EF x1; egal egal x2,1,triangle rectangle x1,0.9130,seetal côté e,audio/P017_normalise.wav,2,point DE x1; point EF x1,1,triangle rectangle x1,0.8696,d f tiyaa nga rectangle la de f égal 13 centimetres ak dee égal 5 centimètres seetaw côté f,audio/P017_lexique.wav
P037,"Longueur yi ci triangle EFG : EF = 4,2 cm, FG = 5,6 cm, EG = 7,1 cm.",6,point EF x1; point EFG x1; point EG x1; point FG x1; egal egal x2,0,,0.8571,longueur yii ci triangle f j f égale 4 2 centimètre dafa jéegal 5 6 centimètre te jéegal 7 centimètre,audio/P037_normalise.wav,6,point EF x1; point EFG x1; point EG x1; egal egal x3,0,,0.9286,longueur yi ci triangale fg te ferait 4 2 centimètre daf jéegale 5 6 centimètre di jéegale 7 1 centimètre,audio/P037_lexique.wav
T039,"Su (AH) perpendiculaire na ak (BC) te (MK) perpendiculaire ak (BC), kon (AH) // (MK).",5,point AH x2; point BC x1; point MK x2,2,perpendiculaire x2,0.9091,tax tandik jeer na ak bc aaral am roka,audio/T039_normalise.wav,4,point AH x2; point MK x2,2,perpendiculaire x2,0.7727,ta a tapantikileer na ak bc te am ka tappantikileer ak bc kon a as parel am ka,audio/T039_lexique.wav
P031,"Égalité IK² + JK² = IJ² dëgg la, kon réciproque bi wone na ne IJK am na angle droit ci K.",5,point IJ x1; point IJK x1; point IK x1; point JK x1; egal egal x1,2,réciproque x1; angle droit x1,0.5312,égalité yi taa o carré plus ji taa o carré égalité yi ji o carré e la kon réciperob bi wone na ne yi ji ka am na engrais droit ci ka,audio/P031_normalise.wav,7,point IJ x1; point IJK x1; point IK x1; point JK x1; carre carre x3,2,réciproque x1; angle droit x1,0.6250,égalité yi k u kaare plus yi k u kaare egale yi ji u kaare dëgg la kon réci porop bi wone na ne yiy ji ka am na angale du waa ci k,audio/P031_lexique.wav
P029,"Ci triangle IJK, IJ = 6,5 cm, JK = 6 cm, IK = 2,5 cm. Jëfandikool réciproque bi.",5,point IJ x1; point IJK x1; point IK x1; point JK x1; egal egal x1,1,réciproque x1,0.9259,ci téangalu yi ji ka di egal 6 5 centimètre yi ka egal 6 centimètre yi ka xéjal 2 5 centimètre jëfandikoo raciprop bi,audio/P029_normalise.wav,4,point IJ x1; point IJK x1; point IK x1; point JK x1,1,réciproque x1,0.9630,Triangule yi ji ka yi ji egale 6 virgule 5 centimètre yi da egale 6 centimètre yi ka egale 2 virgule 5 centimètre jeefe ndigool réci poro bi,audio/P029_lexique.wav
T010,Rapport AM/AB dafa yem ak rapport AN/AC ak rapport MN/BC.,4,point AC x1; point AM x1; point AN x1; point MN x1,3,rapport x3,0.5909,rapoor a sur ab dafa yem ak rapoor a en sur asc ak rapoor a en sur bc,audio/T010_normalise.wav,2,point AN x1; point MN x1,3,rapport x3,0.5909,rapoor a am sur ab dafa yem ak rapoor a en sur ac ak rapoor a en sur bc,audio/T010_lexique.wav
P025,"MN = 15 cm, NP = 9 cm, MP = 12 cm : ndax MNP triangle rectangle la ? Jëfandikool réciproque.",4,point MN x1; point MNP x1; point NP x1; egal egal x1,2,triangle rectangle x1; réciproque x1,0.8333,am 15 cm mb égale 9 cm mp égale 12 cm ndax am mp ki yàngul rectangle la jëfandikoo reci proc,audio/P025_normalise.wav,4,point MN x1; point MNP x1; point NP x1; egal egal x1,2,triangle rectangle x1; réciproque x1,0.9167,am 1 5 mp égale 2 centimére mp égale 12 centimére ndax moom ampétre yu yàgg nga rectangole la yëfandikoo gasii parapp,audio/P025_lexique.wav
P009,"Ci triangle rectangle RST, angle droit bi ci S la, RS = 3,6 cm ak ST = 4,8 cm.",4,point RS x1; point RST x1; point ST x1; egal egal x1,2,triangle rectangle x1; angle droit x1,0.7778,ci té yengu rectangle e té angul droit bi ci té la té jégal 3 6 centimétre ak té égal 4 8 centimétre,audio/P009_normalise.wav,4,point RS x1; point RST x1; point ST x1; egal egal x1,2,triangle rectangle x1; angle droit x1,0.7778,ci tiriyani rectangle t t angal du waa bi ci té la ëtt 3 6 centimétre ak t égale 4 8 centimétre,audio/P009_lexique.wav
T031,"AM/AB = 3/7,5 = 0,4 te AN/AC = 4,8/12 = 0,4 : rapport yi yem nañu, kon (MN) // (BC) ci réciproque bi.",4,point AN x1; point MN x1; egal egal x2,1,réciproque x1,0.7333,a am sur ab tegaal 3 sur 7 virgule 5 egale 0 virgule 4 te a 1 sur ac éral 4 virgule 8 sur 12 egale 0 virgule 4 rapports yi yam nañu comme parallèle a bc ci réci prod gi,audio/T031_normalise.wav,3,point AB x1; point AN x1; point MN x1,2,rapport x1; réciproque x1,0.6889,a am sur d égal 3 sur 7 virgule 5 egal 0 virgule 4 te a am sur ac égal 4 virgule 8 sur 12 egal 0 virgule 4 rapoor yi yam nañu kon am paralel ak bc ci réci poro bi,audio/T031_lexique.wav
P020,"Longueur HK mooy √(10,4² − 9,6²) = √16 = 4 centimètres.",3,point HK x1; egal egal x2,2,longueur x1; centimètres x1,0.7692,flonga aca mooy racine taare de 5 4² moins 9 6² cà ràcine carré de 16 4 cm,audio/P020_normalise.wav,4,point HK x1; carre carre x1; racine racine x2,0,,0.8077,longueur askan mooy fasaa kare de 9 6o² égale racin kare de 16 égale 4 centimètre,audio/P020_lexique.wav
P023,"Distance AC mooy côté bu angle droit bi : AC² = 7,5² − 4,5² = 36.",3,point AC x2; carre carre x1,2,côté x1; angle droit x1,0.6296,distance asi mooy coté bu àng droit bi asi au paré égal 7 5 au carré moins 4 5 au carré égal 30 ci,audio/P023_normalise.wav,4,carre carre x3; egal egal x1,2,côté x1; angle droit x1,0.8519,distance ac mooy coté bu angal diwaan yi ac ee égale 7 5 carré moins 4 5 e daal ak 36,audio/P023_lexique.wav
P010,"RT² = 3,6² + 4,8² = 12,96 + 23,04 = 36, kon RT = 6 centimètres.",3,point RT x2; carre carre x1,1,centimètres x1,0.6667,tek kayit ko carré égale 3 virgule 6 o carré plus 88 o carré égale 12 96 plus 20 3 virgule 4 égale 36 kon été égale 6 centimétre,audio/P010_normalise.wav,2,point RT x2,1,centimètres x1,0.7879,ta tee o kaare egale 3 6 o kaare plus 4 8 o kaare egale 12 96 plus 23 04 egale 36 kon de taé egale 6 centimétre,audio/P010_lexique.wav
P018,"EF² = DF² − DE² = 169 − 25 = 144, kon EF mooy racine carrée 144, maanaam 12 cm.",3,point DE x1; point EF x2,1,racine carrée x1,0.6364,e fo² égale df au carré moins d o carré égale 169 moins 25 égale 144 kon f mooy racine carré 144 maanaam 12 centimétre,audio/P018_normalise.wav,6,point DF x1; point EF x2; carre carre x3,1,racine carrée x1,0.8485,ta u carré égal di f u carré moins de u carré égal 59 moins 25 egal 144 kon ta f mooy racin carré 144 maanaam 12 centimètre,audio/P018_lexique.wav
T004,(MN) // (BC) te M ak N nekk nañu ci côté [AB] ak [AC].,3,point AB x1; point BC x1; point MN x1,0,,0.7895,parallélo s i cà ndak a nekk nanu ci côté ap ak ac,audio/T004_normalise.wav,3,point AB x1; point BC x1; point MN x1,0,,0.7895,ompaleel ak bsg kem ak a nekk nanu ci côté aak bi ak ac,audio/T004_lexique.wav
P016,"Hypoténuse bi tollu na 25 mètres, ndaxte 15² + 20² = 625 = 25².",2,egal egal x1; plus plus x1,2,hypoténuse x1; mètres x1,1.0000,riz coté nees bi toluna 25m x 15² bi 20² égal ci 125 e 25²,audio/P016_normalise.wav,1,carre carre x1,2,hypoténuse x1; mètres x1,0.7727,hypotenive bi tawlu na ak 5 métres ndaxte 15 au carré plus 25 carré égal ci 125 égal 5 au carré,audio/P016_lexique.wav
T025,"DE = 24 × 3 / 8 = 9 mètres, jëfandikoo nañu produit en croix.",2,point DE x1; egal egal x1,2,mètres x1; produit en croix x1,0.7500,24 x 24 égale 9 m jëfandikoo nañu produit ancoa,audio/T025_normalise.wav,2,point DE x1; egal egal x1,1,produit en croix x1,0.8750,3 x 28 x 3 sur 8 égale 9 mètres jëfandikoo nañu poddu bi am kur waa,audio/T025_lexique.wav
P019,"Ci triangle rectangle GHK, hypoténuse GK = 10,4 cm ak GH = 9,6 cm.",2,point GH x1; point GHK x1,2,triangle rectangle x1; hypoténuse x1,0.7273,ci triangul rectangul g askan hypoténus gk égale gi virgule 4 centimètre ak g as égale 9 virgule 6 centimètre,audio/P019_normalise.wav,3,point GH x1; point GHK x1; egal egal x1,2,triangle rectangle x1; hypoténuse x1,0.9545,i tëriaangal rectangle g askan ecodanoo gk égal ag 10 4 centimetres ak j à c gale 9 6 centimetres,audio/P019_lexique.wav
P006,"Égalité bii mooy théorème de Pythagore : EF² = DE² + DF², ndaxte angle droit bi ci D la.",2,point EF x1; egal egal x1,2,théorème de Pythagore x1; angle droit x1,0.7037,égalité bi mooy tewram di pittéga f o kare e daal de e o kare plus df o kare ndaxte angu droit bi ci d la,audio/P006_normalise.wav,4,point DE x1; point DF x1; point EF x1; carre carre x1,3,égalité x1; théorème de Pythagore x1; angle droit x1,0.8148,egaliit bi mooy te yaram bu pythagore fu² egale d okaay plus d fu² ndax te angal door waa bi ci ndee la,audio/P006_lexique.wav
T019,Produit en croix bi jox na AN = 12 × 3 / 4 = 9 centimètres.,2,point AN x1; egal egal x1,2,produit en croix x1; centimètres x1,0.6471,produit encroi bi jox na a en egale 12 x 3 sur 4 édare 9 centimétre,audio/T019_normalise.wav,2,point AN x1; egal egal x1,1,produit en croix x1,0.8824,3 sur 4 égale 9 centimètre,audio/T019_lexique.wav
T002,Droites parallèles yi (MN) ak (BC) ak sommet A ñoo def configuration Thalès.,2,point BC x1; point MN x1,2,droites parallèles x1; sommet x1,0.6000,droite parallé yi ak beeg ak somat à ñoo def configuration thialé,audio/T002_normalise.wav,2,point BC x1; point MN x1,2,droites parallèles x1; sommet x1,0.6667,turwaat parala yi ab ak soma ñoo def configuration thialés,audio/T002_lexique.wav
P002,Théorème de Pythagore : BC² = AB² + AC² su fekkee ABC triangle rectangle la ci A.,2,point ABC x1; egal egal x1,2,théorème de Pythagore x1; triangle rectangle x1,0.5926,te loram depuis taboor bc au carré degal ab au carré plus ac au carré su fekkee abstt anglais rek tàng la ci a,audio/P002_normalise.wav,2,point ABC x1; egal egal x1,2,théorème de Pythagore x1; triangle rectangle x1,0.8519,teyo rem pour pythagore bc o carré égalité ab o carré plus ac o carré su fekkee ab seetir yaa ngi rekk tàngal la ci a,audio/P002_lexique.wav
T013,Bindal égalité bu rapport yi ci configuration bii : AD/AB = AE/AC = DE/BC.,2,point AE x1; point DE x1,1,égalité x1,0.6800,bindal egale ceebu rapport yi ci configuration bi ad sur ab egale ak sur ac egale ngir sur bc,audio/T013_normalise.wav,4,point AE x1; point DE x1; egal egal x2,2,égalité x1; rapport x1,0.8000,bindgal eggalit bu rapoor yi ci configuration bi ad sur ab eggale à su ac eggale te su bc,audio/T013_lexique.wav
T021,"AC = 5 × 18 / 6 = 15 centimètres, ndaxte AE/AC = AD/AB = 6/18.",2,point AB x1; point AE x1,1,centimètres x1,0.6667,àc égale 5 x 18 sur 6 égale 15 centimétre ndaxte a sur ac égale ad sur b égale 6 sur 18,audio/T021_normalise.wav,0,,0,,0.6667,a c égale 5 x 18 sur 6 égale 15 centimètre ndaxte a e sur ac égale ad sur ab égale 6 sur 18,audio/T021_lexique.wav
T024,Seetal distance DE su BC = 24 mètres ak AD/AB = 3/8.,2,point BC x1; point DE x1,1,mètres x1,0.6500,sebetal distance des rës su bësee égale 24 m ak ad sur ab égale 3 sur 8,audio/T024_normalise.wav,1,point DE x1,2,distance x1; mètres x1,0.8000,seetal gis tànd d ëstu bc égal 24 m ak ad sur ab égal 3 sur 8,audio/T024_lexique.wav
P008,"BC² = 12² + 16² = 144 + 256 = 400, kon BC mooy racine carrée 400, maanaam √400 = 20 cm.",2,point BC x2,1,racine carrée x1,0.6410,dc au carré égal 12 au carré plus 16 au carré égal 144 plus 256 egal 400 kon pc mooy racine carré 400 maanaam racine carré de 400 egal 20 centimétre,audio/P008_normalise.wav,3,point BC x2; racine racine x1,1,racine carrée x1,0.6667,baisser au carré égale 12 au carré plus 16 au carré égale 144 plus 256 égale 400 kon beissier mooy rarañ carré 400 maanaam rarañ carré de 400 égale 20 centimétre,audio/P008_lexique.wav
T020,"AD = 6 cm, AB = 18 cm, AE = 5 cm : seetal longueur AC.",2,point AC x1; point AE x1,1,longueur x1,0.6316,ad égale 6 centimètres ab égale 18 centimètres a k égale 5 centimètres seetal loo nga asee,audio/T020_normalise.wav,5,point AC x1; point AE x1; egal egal x3,1,longueur x1,0.9474,ad égalité 6 centimètres ab égalité 18 centimètres ad égalité 5 centimètres seetal longue acc,audio/T020_lexique.wav
T009,Théorème de Thalès wone na égalité bii : AM/AB = AN/AC = MN/BC.,2,point AN x1; point MN x1,1,théorème de Thalès x1,0.6250,théorème de tallais ware na égalité bi à am sur ab égal à en sur ac égal am en sur bc,audio/T009_normalise.wav,4,point AN x1; point MN x1; egal egal x2,1,théorème de Thalès x1,0.7500,Teeram bu taales wone na ak déleti bi yi a am sur ab égalité a en sur ac égalité am en sur bc,audio/T009_lexique.wav
T017,"AM = 4,2 cm, AB = 10,5 cm, BC = 15 cm. Jëfandikool produit en croix ngir seetal MN.",2,point BC x1; point MN x1,0,,0.7778,a am égale 8 2 centimètre ab égale 10 5 centimètre c est égale 15 centimètre ndif ndikoo produit en croix ngir setaalam,audio/T017_normalise.wav,2,point AM x1; point MN x1,1,produit en croix x1,0.8889,ab égale 4 2 centimétre ab égale 10 5 centimétre bc égale 15 centimétre jëfandikoo kodu wi en croix gis sa talam,audio/T017_lexique.wav
P027,"Côté bi gën a gudd mooy MN = 15 cm, te 15² = 225.",2,point MN x1; egal egal x1,0,,0.5789,côté bi gëna gudd mooy am 15 cm te 15 au carré égale 225,audio/P027_normalise.wav,2,point MN x1; egal egal x1,0,,0.6842,côté bi gëna gudd mooy ram 15 cm te 15 au carré égale 225,audio/P027_lexique.wav
T018,"MN/15 = 4,2/10,5, ci produit en croix MN = 15 × 4,2 / 10,5 = 6 cm.",2,point MN x2,0,,0.4839,am 1 sur 15 égale 4 virgule 2 sur 10 virgule 5 ci produit en croix en égale 15 fois 4 virgule 2 sur 10 virgule 5 égale ci centimètre,audio/T018_normalise.wav,4,point MN x2; egal egal x2,1,produit en croix x1,0.9032,am 15 x 4 2 sur 10 5 ci pod wi am ko waram en régaat 15 x 4 2 sur 10 5 egale 10 centimétre,audio/T018_lexique.wav
C011,"Ci théorème de Thalès, hauteur baobab bi mooy 2 × 18 / 1,5 = 24 mètres.",1,egal egal x1,3,théorème de Thalès x1; hauteur x1; mètres x1,0.8333,itteewoon de kale oto baabab bi mooy 2 x 181 24 m,audio/C011_normalise.wav,0,,2,théorème de Thalès x1; hauteur x1,0.7222,itaayon bata lees oto baobab bi mooy 2 x 18 sur 1 5 égale 24 mètres,audio/C011_lexique.wav
T001,"Ci triangle ABC, M nekk na ci segment [AB], N ci segment [AC] ; (MN) ak (BC) droites parallèles lañu.",1,point MN x1,3,segment x2; droites parallèles x1,0.7200,triangle abc nekk na ci segma ab ak ci segma ac am a ak bc droite parallèle lañu,audio/T001_normalise.wav,2,point BC x1; point MN x1,3,segment x2; droites parallèles x1,0.7600,Triangal abc nekk na ci segma ab ang ci segma ac am ak bs du wat paay lañu,audio/T001_lexique.wav
C014,Buum bi mooy hypoténuse bu triangle rectangle bi : √(6² + 8²) = 10 mètres.,1,plus plus x1,3,hypoténuse x1; triangle rectangle x1; mètres x1,0.6667,buum bi mooy ipotenus bu triandalu rëttangul bi racine taarega 6 ² ² ¹ égale 10 m,audio/C014_normalise.wav,1,racine racine x1,2,hypoténuse x1; triangle rectangle x1,0.6190,buum bi mooy ipoténew bu tëriyaangal rectangle bi fañcax kaare x 10 o² plus 8 o² égale 10 mètre,audio/C014_lexique.wav
C005,"Diagonale terrain bi mooy √(105² + 68²) ≈ 125,1 m, arrondi ci dixième.",1,plus plus x1,3,diagonale x1; arrondi x1; dixième x1,0.6154,jaggo na terrain bi mooy racine carré de 105 au carré 78 au carré environ 125 fi fjul 1 mètre axon di ci dixièm,audio/C005_normalise.wav,2,carre carre x1; racine racine x1,3,diagonale x1; arrondi x1; dixième x1,0.6538,diagonal terrain bi mooy rëseef kaare të 105 plus 68 o kaare environ dégal à 125 1 mètre arôme bi ci dixiyeem,audio/C005_lexique.wav
T030,"Su BC tollu 14,8 cm, segment MN bi lëkkale milieu yi tollu na 7,4 cm.",1,point MN x1,2,segment x1; milieu x1,0.8095,su beesee tollu 14 8 cm sec mo am en billet xal miñ yee yi tollu na facti bir de 4 cm,audio/T030_normalise.wav,2,point BC x1; point MN x1,2,segment x1; milieu x1,0.6190,su béesé tollu 14 08 centimétre segg maayam en bi lëkkale mili yi tollu na 7 4 centimétre,audio/T030_lexique.wav
T026,"MN = 12,47 cm ; jox arrondi bi ci dixième : 12,5 cm.",1,point MN x1,2,arrondi x1; dixième x1,0.7500,am en egale 12 47 cm jox aarondi bi ci dixiëm 12 5 cm,audio/T026_normalise.wav,2,point MN x1; egal egal x1,2,arrondi x1; dixième x1,0.8125,am émission 12 47 centimétre jox aarondi bi ci dixièm 12 5 centimétre,audio/T026_lexique.wav
C015,Écran bi am na 48 cm ci longueur ak 27 cm ci hauteur ; diagonale bi mooy √(48² + 27²).,1,plus plus x1,2,longueur x1; diagonale x1,0.5769,dëkkant bi am na 48 cm x 27 cm ci hauteur tabonnaal bi may racine kaayal da 48 au carré puis 27 au carré,audio/C015_normalise.wav,1,racine racine x1,2,longueur x1; diagonale x1,0.6154,pecan bi am na 48 cm long ab 27 cm ci hauteur diagonal bi mooy rasel kaare ga 48 o kaare plus 57 o kaare,audio/C015_lexique.wav
T008,"Configuration papillon : points B, A, D alignés nañu, te (BC) // (DE).",1,point BC x1,1,alignés x1,0.9333,configuration papillon point b a d a yi ñu nekk ngir bey seck parallèle d e,audio/T008_normalise.wav,2,point BC x1; point DE x1,1,alignés x1,0.8000,configuration papillon point b a d a léñu nañu té bésé paralel até e,audio/T008_lexique.wav
T005,"Ci configuration bii, triangle AMN mooy réduction bu triangle ABC.",1,point AMN x1,1,réduction x1,0.7857,ci konfidirasiyon bi triyang a am mooy reduxiyong bu tiyyang abc,audio/T005_normalise.wav,2,point ABC x1; point AMN x1,1,réduction x1,0.9286,In tiriangal aam mooy reddik soom bu tiriyangal a bëse,audio/T005_lexique.wav
T038,"AM/AB = 2/5 = 0,4 te AN/AC = 3/8 = 0,375 : rapport yi yemuñu.",1,point AN x1,1,rapport x1,0.7812,a am sur ab égal 2 sur 5 egale 0 virgule tag te a am sur ac egale 3 sur 8 egale 0 virgule 3 75 rapoor yi yemu ñu,audio/T038_normalise.wav,2,point AC x1; point AN x1,1,rapport x1,0.8438,a am sur ab égal 2 sur 5 egale 0 4 te a am sur asc egale 3 sur 8 egale 0 3 75 rapoor yi yemu ñu,audio/T038_lexique.wav
T023,"Rapport AM/AB = 7,5/12,5 = 0,6, kon MN = 0,6 × 20 = 12 cm.",1,point MN x1,1,rapport x1,0.7333,rapoor a am sur ab égal 7 virgule 5 sur 12 virgule 5 égal 0 virgule 6 quantum en egal 0 virgule 6 fois 20 egal 12 centimétre,audio/T023_normalise.wav,2,point MN x1; egal egal x1,0,,0.7667,rapport am sur ab égal 7 virgule 5 sur 12 virgule 5 égal 0 virgule 6 kon am en egale 0 virgule 6 fo 20 e daal 12 centimétre,audio/T023_lexique.wav
P007,"ABC ab triangle rectangle la ci A. AB = 12 cm, AC = 16 cm. Seetal longueur hypoténuse BC.",1,point AC x1,1,hypoténuse x1,0.7083,bc ab triangle rectangle ak ci ab égale 12 centimétre abc égale 6 centimétre seetal longueur yi pour tenis baissé,audio/P007_normalise.wav,1,point BC x1,2,triangle rectangle x1; hypoténuse x1,0.9167,abc ab tiriyaa nga ràttangal la ci a ab égale 12 centimètre ac égale 16 centimètre xeetal longueur bi fote ni bu bësee,audio/P007_lexique.wav
T014,"Coefficient bu réduction bi mooy rapport AM/AB = 3/5 = 0,6.",1,point AM x1,1,réduction x1,0.6316,coficion bu ruduction bi mooy rapport aarum sur ab égal 3 sur 5 égal 0 virgule 6,audio/T014_normalise.wav,1,point AM x1,1,réduction x1,0.8421,"tooficien bu rëddik soom bi mooy rapport ariam sur ab égal 30 egale di 0,",audio/T014_lexique.wav
C018,"Diagonale carreau bi mooy 30√2 ≈ 42,4 centimètres.",1,racine racine x1,1,diagonale x1,0.6250,diagonal caro bi mooy 30 racines caire de 2 environ egale à 42 virgule 4 centimètre,audio/C018_normalise.wav,1,racine racine x1,0,,0.8125,diagonale carré bi mooy 36² x 2 environne taigal ak 42 virgule 4 centimètre,audio/C018_lexique.wav
P028,"9² + 12² = 81 + 144 = 225, kon égalité bi am na, MNP triangle rectangle la ci P.",1,point MNP x1,1,triangle rectangle x1,0.6207,9² plus 12² égale 88 plus 144 égale 225 kon égalité bi am na ay empêchage luy rectangle la di payé,audio/P028_normalise.wav,3,point MNP x1; egal egal x1; plus plus x1,2,égalité x1; triangle rectangle x1,0.7241,9 au carré plus 12 au carré égale 821 834 édala 225 kon dëggaléb bi amna am am petriyee ngal rekk tangal la ci p,audio/P028_lexique.wav
T012,Longueur yu triangle AMN proportionnel nañu ak longueur yu triangle ABC.,1,point AMN x1,1,proportionnel x1,0.6000,longueur yu tiyang aram en proportion neñu ak longueur yu tiyang abc,audio/T012_normalise.wav,1,point AMN x1,1,proportionnel x1,0.7333,longueur yu triangle am postelew nañu ak longueur yu triangle abc,audio/T012_lexique.wav
C008,"Longueur pente bi mooy hypoténuse : √(4,5² + 2²) ≈ 4,9 m.",1,plus plus x1,1,hypoténuse x1,0.5833,longueur pam bi mooy hybride racine taarege de 4 5 au carré puis dëgg au carré environ 4 9 m,audio/C008_normalise.wav,1,racine racine x1,1,hypoténuse x1,0.7083,longueur pann bi mooy époutelir rasantare de 4 5 au carré plus 2 au carré environ 4 9 m,audio/C008_lexique.wav
T022,"Ci configuration bii, distance AM tollu na 7,5 cm te distance AB tollu na 12,5 cm.",1,point AB x1,0,,0.5909,ci configuration bi distance a am tollu na 7 5 cm te distance a bett tollu na 12 5 cm,audio/T022_normalise.wav,1,point AM x1,2,distance x2,0.7273,ci configuration bi ista aaram tollu na 7 5 cm te ista ab toll na 12 5 cm,audio/T022_lexique.wav
C020,"Su diagonale bi tollu 5 m, égalité 3² + 4² = 5² wone na angle droit bi ci réciproque bi.",0,,4,diagonale x1; égalité x1; angle droit x1; réciproque x1,0.6538,ci diagonal bi toolu 5 m 3² plus 4² égale 5² wone na anglu droit bi ci réciprophe bi,audio/C020_normalise.wav,5,carre carre x3; egal egal x1; plus plus x1,3,égalité x1; angle droit x1; réciproque x1,0.8846,ci diagonale bi tawlu 5 mètre 3 3 4 x 5 carré wone na angale bi roi bi ci rëy ci korol bi,audio/C020_lexique.wav
P039,Hypoténuse ak côté yi dañuy gis ci égalité bu théorème de Pythagore.,0,,4,hypoténuse x1; côté x1; égalité x1; théorème de Pythagore x1,0.5000,hypotenise ak coté yi dañuy gis ci égayeté bu teewooreem depuis kaware,audio/P039_normalise.wav,0,,4,hypoténuse x1; côté x1; égalité x1; théorème de Pythagore x1,0.4167,Hypotonyms ak cooté yi dañuy gis ci egalité bu théoram bu pythagore,audio/P039_lexique.wav
P004,"Angle droit bi nekk na ci sommet A, kon hypoténuse bi mooy segment [BC].",0,,4,angle droit x1; sommet x1; hypoténuse x1; segment x1,0.4667,angil droit bi nekk na ci somet a kon ipotenis bi mooy semmen bc,audio/P004_normalise.wav,0,,4,angle droit x1; sommet x1; hypoténuse x1; segment x1,0.5333,angale droit bi nekk na ci somet a kon ipotinus bi mooy segma bc,audio/P004_lexique.wav
P001,"Ci benn triangle rectangle, carré bu hypoténuse bi dafa yem ak somme bu carré yu ñaari côté yi.",0,,4,triangle rectangle x1; carré x1; hypoténuse x1; côté x1,0.4444,ci benn teyangul rektang tare bu ipotenis bi dafa yam ak som bu kaare yu ñaari kote yi,audio/P001_normalise.wav,0,,3,triangle rectangle x1; hypoténuse x1; côté x1,0.5000,ci bénn té yéw angal rektangal kaare bu ikotenu bi dafa yam ak som bu kaare yu gnaari koté yi,audio/P001_lexique.wav
C016,"Lu jege 55,1 centimètres mooy diagonale écran bi, arrondi ci dixième.",0,,3,diagonale x1; arrondi x1; dixième x1,0.8462,lu jege 55 1 centimètre mooy diagane el ekran bi aroo ngi ci gis yéem,audio/C016_normalise.wav,0,,4,diagonale x1; centimètres x1; arrondi x1; dixième x1,0.8462,55 1 cms mooy jagganaal ekran bi aram dëkk ci dixiyeem,audio/C016_lexique.wav
P005,Somme bu carré yu ñaari côté yi dafa yem ak carré bu hypoténuse bi.,0,,3,somme x1; côté x1; hypoténuse x1,0.7857,tomb kaare yu ñaari kote yi dafa yam ak kaare bi i kote ne si,audio/P005_normalise.wav,0,,5,somme x1; carré x2; côté x1; hypoténuse x1,0.5714,omb kaaro yu ñaari kote yi dafa yam ak kaaro bu i putëni,audio/P005_lexique.wav
T027,"Ci réduction bu 1/4, longueur yi proportionnel nañu : segment bu 36 cm dina tollu 9 cm.",0,,3,réduction x1; longueur x1; segment x1,0.7222,ci rédduion bu amsor 4 tonneaux yi proportionnels nañu seulement bu 36 cm x 9,audio/T027_normalise.wav,0,,4,réduction x1; longueur x1; proportionnel x1; segment x1,0.6667,jërëjëg song bu am sur kak longar yi popor sonal nañu segma bu 36 cm dina tollu 9 cm,audio/T027_lexique.wav
T032,Réciproque bu théorème de Thalès day wone ndax ñaari droites droites parallèles lañu.,0,,3,réciproque x1; théorème de Thalès x1; droites parallèles x1,0.6923,récipro bu tew o rem de kala day wone ndax ñaay droit droit parallèle lañu,audio/T032_normalise.wav,0,,3,réciproque x1; théorème de Thalès x1; droites parallèles x1,0.6923,réciporok bu teeyo rëm bu tà lees day wone ndax ñaari droit du wat parallèle,audio/T032_lexique.wav
P030,"Su somme bu carré yu côté yu gàtt yi yemee ak carré bu côté bu gudd, angle droit am na.",0,,3,somme x1; côté x2,0.6000,waa su sombu kaare yu kote yu gàtt yi yëmee ab kaare bu kote bu budd angle droit amna,audio/P030_normalise.wav,0,,3,côté x2; angle droit x1,0.3000,su som bu kaare yu kóote yu gàtt yi jëmee ak kaare bu kóote bu gudd angal du waa am na,audio/P030_lexique.wav
T036,"Kon ci réciproque bu théorème de Thalès, (DE) ak (BC) droites parallèles lañu.",0,,3,réciproque x1; théorème de Thalès x1; droites parallèles x1,0.6000,kon ci resiprok bu kewaraan de thiale d ak bc boite parallèle lañu,audio/T036_normalise.wav,1,point DE x1,2,réciproque x1; théorème de Thalès x1,0.6000,kon ci risi poroku lu teeram bu thalais d ak bc durwaat paralel lañu,audio/T036_lexique.wav
P014,"Jox arrondi bu hypoténuse bi ci dixième : AB = √52 ≈ 7,2 cm.",0,,3,arrondi x1; hypoténuse x1; dixième x1,0.5714,jox aarondi bu ipotenees bi ci dixiyeem ab egale racine taare de 52 environ egale à 7 virgule 2 centimétre,audio/P014_normalise.wav,1,racine racine x1,3,arrondi x1; hypoténuse x1; dixième x1,0.7619,cox taroom bi bu ci poti niiw bi ci dixiyeem ab égale tataa carré de 52 environ égale à 7 virgule 2 centimètre,audio/P014_lexique.wav
P015,Triangle rectangle bi am na côté yu tollu 15 mètres ak 20 mètres.,0,,3,triangle rectangle x1; mètres x2,0.4615,tricolore retangal bi am na côté yu tollu 15 m ak varimètre,audio/P015_normalise.wav,0,,3,triangle rectangle x1; mètres x2,0.6154,ci riangal rectangle bi am na côté yu tollu 15 m ak 20 m,audio/P015_lexique.wav
P040,"Ci kaye bi, bindal carré bu hypoténuse bi ak somme bu carré yu côté yi.",0,,3,carré x1; hypoténuse x1; côté x1,0.4000,ci kayi bi bindal kaare bu ipoténeche bi ak som bu kaaj yu kodé yi,audio/P040_normalise.wav,0,,1,hypoténuse x1,0.2667,ci kaayaa bi mingal kaare bu rëy koteniis bi ak som bu kaare yu koote yi,audio/P040_lexique.wav
C004,Terrain de football bi am na 105 mètres ci longueur ak 68 mètres ci largeur. Seetal diagonale bi.,0,,3,mètres x2; diagonale x1,0.3684,terrain de faubal bi am na 105 m ci longueur ak 68 m ci largeur seetal diagono bi,audio/C004_normalise.wav,0,,3,mètres x2; diagonale x1,0.5789,terrain de faubabs bi am na 100 fm ci longueur ak 68 m ciy laajte teetal jaabone bi,audio/C004_lexique.wav
T003,"Points A, M, B alignés nañu, points A, N, C itam alignés nañu.",0,,2,alignés x2,0.9231,point a am b ali ñes nañu point a ah cee itam ali ñes nañu,audio/T003_normalise.wav,0,,2,alignés x2,0.6923,point a tam bee aligner nañu point a ci ay itam aligner nañu,audio/T003_lexique.wav
T016,Théorème de Thalès : rapport yi yem nañu ndaxte (DE) // (BC).,0,,2,théorème de Thalès x1; rapport x1,0.8571,te o remdeet rapoor yi yen ñu ndaxte dë paràllar bc,audio/T016_normalise.wav,2,point BC x1; point DE x1,1,théorème de Thalès x1,0.7857,rapport yi jëm nañu ndaxte d ak pàllel ak dc,audio/T016_lexique.wav
P034,"185 ak 196 yemuñu, kon ci contraposée bi, ABC du triangle rectangle.",0,,2,contraposée x1; triangle rectangle x1,0.8125,185 ak 186 yamuñu kon ci kontaa posé bi abc du taxaw yàngal rekk tàng,audio/P034_normalise.wav,0,,2,contraposée x1; triangle rectangle x1,0.6875,185 ak 186 yemuñu kon ci kontaxa poose bi abc du triangal ractangal,audio/P034_lexique.wav
T011,Égalité rapport yi wone na ne longueur yi proportionnel lañu.,0,,2,égalité x1; rapport x1,0.8000,ci réalité appareils yi wane nañu longueurs yi proportionnels lañu,audio/T011_normalise.wav,0,,4,égalité x1; rapport x1; longueur x1; proportionnel x1,0.4000,tegal tirapol yi wone na ne longar yi orkosanel lañu,audio/T011_lexique.wav
T028,"Milieu segment [AB] mooy M, kon AM/AB = 1/2.",0,,2,milieu x1; segment x1,0.6875,million segman ab mooy tam kon am sur ab égale 1 sur 2,audio/T028_normalise.wav,1,point AB x1,2,milieu x1; segment x1,0.6875,mi yii segma kb mooy am kon am sur ab égal am sur deux,audio/T028_lexique.wav
C019,"Ngir xam ndax angle ëttu bi angle droit la, natt 3 m, 4 m ak diagonale 5 m.",0,,2,angle droit x1; diagonale x1,0.6667,angir xam ndax ëtt bi ang droit la nak 3 m 4 m ak jaabanaal 5 m,audio/C019_normalise.wav,0,,2,angle droit x1; diagonale x1,0.7778,angir xam ndax angal ëtt bi angal droit la 3 m 3 m ak jabar naal 5 m,audio/C019_lexique.wav
T037,"Su rapport yi yemul, droites yi du droites parallèles.",0,,2,rapport x1; droites parallèles x1,0.6667,sorokoy yi yemul croitie du droit paale,audio/T037_normalise.wav,0,,2,rapport x1; droites parallèles x1,0.7778,fo xam xam yi yemul droit yi di duwaat paral,audio/T037_lexique.wav
P011,Seetal longueur hypoténuse bi su côté yi tollu 9 cm ak 12 cm.,0,,2,hypoténuse x1; côté x1,0.6154,seetal longueur icoténise bi su ko téyee tool 9 cm ak 12 cm,audio/P011_normalise.wav,0,,2,hypoténuse x1; côté x1,0.7692,seetal longueur ipoté niiw bi tukkoote yi tollu 9 cm abdoul centimétre,audio/P011_lexique.wav
T034,"Ngir jëfandikoo réciproque bi, points yi war nañoo alignés ci menn ordre.",0,,2,réciproque x1; alignés x1,0.5833,ngir jëfandikoo réci prop bi poids yi war nañoo alinié ki mën rood,audio/T034_normalise.wav,0,,2,réciproque x1; alignés x1,0.6667,ngir jëfandikoor ci korol bi point yi war nañoo ay ñeenti mën ooda,audio/T034_lexique.wav
C012,"Mât gaal gi perpendiculaire na ak gaal gi, te hauteur mât bi tollu na 6 m.",0,,2,perpendiculaire x1; hauteur x1,0.5625,mag gaal gi tax ba nikleer na ak daal gi te oto man bi tollu na 6 metres,audio/C012_normalise.wav,0,,2,perpendiculaire x1; hauteur x1,0.5625,mat kaal bi arpanik gilaer na ak gaal gi te otoomat bi toolu na 6 met,audio/C012_lexique.wav
P024,"Angle droit bi ci C la, kon AB mooy hypoténuse te AC² = AB² − BC².",0,,2,angle droit x1; hypoténuse x1,0.5000,engrais droit bi ci c est la kon ab mooy hypoteniche te ac au carré égal ab au carré moins bc au carré,audio/P024_normalise.wav,3,point AC x1; point BC x1; carre carre x1,2,angle droit x1; hypoténuse x1,0.6923,angal du waa bi ci c la bon ab mooy hypoténeur te acu kaare egale ab o kaare moins baissé o kaare,audio/P024_lexique.wav
P032,"Ngir wone ne triangle bi rectangle la, seetal ndax égalité bu théorème de Pythagore am na.",0,,2,égalité x1; théorème de Pythagore x1,0.5000,ewooné nek triangle bi rectangle la fetal ndax egualité bu théorème de pythagolof amna,audio/P032_normalise.wav,0,,1,théorème de Pythagore x1,0.3750,ngir wone ne triangle bi rectangle la seetal ndax égalité bu teeyooram bu pittawoor amna,audio/P032_lexique.wav
P012,Côté yu angle droit bi tollu nañu 5 cm ak 7 cm ; hypoténuse bi mooy √74.,0,,2,angle droit x1; hypoténuse x1,0.4737,côté yu angul droit bi tollu nañu 5 centimètre ak 7 centimètre icoténus bi mooy racine taréde 1974,audio/P012_normalise.wav,1,racine racine x1,2,angle droit x1; hypoténuse x1,0.7368,côté yu angal di waa bi tollu nañu 5 cm ak 7 cm di pattin yu bi mooy racin carré de 714,audio/P012_lexique.wav
T006,Théorème de Thalès dafa laaj ñaari droites parallèles ak ñaari droites yu dajaloo ci A.,0,,2,théorème de Thalès x1; droites parallèles x1,0.4667,théorame de tallee dafa laaj ñaari droit parallé ak ñaari droit yu dëgëloo ci a,audio/T006_normalise.wav,0,,2,théorème de Thalès x1; droites parallèles x1,0.4667,te yoram bu taaless dafa laaj ñaari duwaat parale ak ñaari duwaat yu dajaloo ci a,audio/T006_lexique.wav
P036,Jëfandikool contraposée bi ngir wone ne triangle bi amul angle droit.,0,,2,contraposée x1; angle droit x1,0.4545,jëfandikool contraposé bi njaru wone ne triangule bi amul angule doi,audio/P036_normalise.wav,0,,2,contraposée x1; angle droit x1,0.6364,jëfandikool pan tarapóose bi ngir wane ne triangal bi amul angal du waa,audio/P036_lexique.wav
P026,Réciproque bu théorème de Pythagore day wone ndax triangle bi am na angle droit.,0,,2,réciproque x1; théorème de Pythagore x1,0.4286,réciprube bu kewam de pythagore day wone ndaxte yëngal bi amna angle droit,audio/P026_normalise.wav,0,,3,réciproque x1; théorème de Pythagore x1; angle droit x1,0.7143,le trésiporote bu teorom bu pythagore day wane ndax triangal bi amna angal lu waa,audio/P026_lexique.wav
T040,"Ñaari droites yu perpendiculaire ak benn droite, droites parallèles lañu.",0,,2,perpendiculaire x1; droites parallèles x1,0.4000,2 droites yu pëpëndikaleex ak benn droite droite parallèle lañu,audio/T040_normalise.wav,0,,2,perpendiculaire x1; droites parallèles x1,0.6000,2 droites yu pàppandikileer ab benn doate duwaaar parallèle lañu,audio/T040_lexique.wav
C006,Distance diggante ñaari sommet yu janoo ci terrain bi mooy diagonale bi.,0,,2,sommet x1; diagonale x1,0.3333,distance digante ñaari soomeet yu jànnoo ci terrain bi mooy jagonaal bi,audio/C006_normalise.wav,0,,2,distance x1; diagonale x1,0.5000,deux sommets yu gënoo ci terrain bi mooy jagonaal bi,audio/C006_lexique.wav
P003,"Hypoténuse mooy côté bi gën a gudd ci triangle rectangle, mu janool angle droit bi.",0,,2,hypoténuse x1; angle droit x1,0.3333,Hypoténise mooy côté bi gëna gudd ci triangle rectangle mu janooal angul droit bi,audio/P003_normalise.wav,0,,3,hypoténuse x1; triangle rectangle x1; angle droit x1,0.5333,Hypoteneus mooy koote bi gëna gudd ci triangul rectangal mu janool angal dux waa bi,audio/P003_lexique.wav
C017,"Ci ëttu kër gi, carreau bu carré am na côté bu tollu 30 centimètres.",0,,2,côté x1; centimètres x1,0.2857,ci ëttu kër gi caro bu carré am na coté bu tollu tantimètre,audio/C017_normalise.wav,0,,2,côté x1; centimètres x1,0.5000,ci ëttukaay gi carré bu carré am na coté bu tollu 30 centimé,audio/C017_lexique.wav
C010,Hauteur baobab bi ak ombre bi proportionnel nañu ak hauteur bant bi ak ombre bam.,0,,2,hauteur x2,0.2667,couter baobab bi ak ombre bi proportionnel nañu ak couter bante bi ak ombre baam,audio/C010_normalise.wav,0,,3,hauteur x2; proportionnel x1,0.6667,auto bambab bi ak ombob bi fop postalal nañu ab auto bambab bi ak ombobam,audio/C010_lexique.wav
C002,"Miir bi perpendiculaire na ak suuf si, kon échelle bi, miir bi ak suuf si def nañu triangle rectangle.",0,,2,perpendiculaire x1; triangle rectangle x1,0.2632,miir bi tax panikuleer na ak suuf si kon esel bi miir bi ak suuf si def nañu kriyan ragang,audio/C002_normalise.wav,0,,2,perpendiculaire x1; triangle rectangle x1,0.2632,miir bi tarpendikileer na ak suuf si kon te shell bi miir bi ak suuf si def nañu triangal rectangle,audio/C002_lexique.wav
P035,"Contraposée bu théorème de Pythagore : su égalité bi amul, triangle bi amul angle droit.",0,,2,contraposée x1; théorème de Pythagore x1,0.2143,contraposé bu teewaram de pythagore égalité bi amul triangle bi amul angle droit,audio/P035_normalise.wav,0,,4,contraposée x1; théorème de Pythagore x1; égalité x1; angle droit x1,0.7857,kontarpos bub te yoram bu pédagoger lu egale te bi amul triangal bi amul angal droit,audio/P035_lexique.wav
T033,"Points A, D, B alignés nañu ci menn ordre bi ak A, E, C.",0,,1,alignés x1,0.7857,point a d b alioune es nañu ci benn autre bi ak a e c,audio/T033_normalise.wav,0,,1,alignés x1,0.7143,point a t p alliñu nañu ci benn augure bi ak a c,audio/T033_lexique.wav
P033,"Côté yi : AB = 8 cm, BC = 11 cm, AC = 14 cm ; 8² + 11² = 185, 14² = 196.",0,,1,côté x1,0.7273,fa tey ab égale 8 centimètre bc égale 1 centimètre ac égale 14 centimètre 18 o carré plus 11 o carré égale 185 14 o carré égale 186,audio/P033_normalise.wav,1,carre carre x1,1,côté x1,0.8182,côtes yii ab égale 8 centimètre bc égale 11 centimètre ac égale 14 centimètre 8 plus 14 o carré égale 185 14 o carré égale 186,audio/P033_lexique.wav
T035,"AD/AB = 5/12,5 = 0,4 ak AE/AC = 6/15 = 0,4 : égalité bi am na.",0,,1,égalité x1,0.6970,a d sur ab égal 5 sur 12 virgule 5 egale 0 virgule 4 ak ae sur ac égal 6 sur 15 egale 0 virgule 4 te deluji bi am na,audio/T035_normalise.wav,8,point AB x1; point AC x1; point AD x1; point AE x1; egal egal x4,1,égalité x1,0.9091,te galit bi am na,audio/T035_lexique.wav
C009,"Ombre baobab bi tollu na 18 m, ombre bant bu 2 m tollu na 1,5 m. Seetal hauteur baobab bi.",0,,1,hauteur x1,0.6364,ombre baobab bi toluna 18 m ombre wante bu 2 m toluna 1 5 m seetal auteur baobab bi,audio/C009_normalise.wav,0,,1,hauteur x1,0.6364,ambr baobab bi tawlu na 18 mb ombr want bu 2 mb tawlu na 1 5 natt seetal oto baobab bi,audio/C009_lexique.wav
C007,"Toit kër gi : poutre bi tollu na 4,5 m, hauteur bi 2 m. Seetal longueur pente bi.",0,,1,hauteur x1,0.5789,pookër gi puutul bi tollu na 4 5 m octobre bi gëmët seetal longueur pànte bi,audio/C007_normalise.wav,0,,2,hauteur x1; longueur x1,0.7368,kouwa kër gi auto bi toluna 4 5 m auto bi 2 m seetal lu ngeur pent bi,audio/C007_lexique.wav
T007,"Sommet A, ak points D ak E yu alignés ak B ak C, ñoo def configuration bi.",0,,1,sommet x1,0.5294,somet a ak point d acte yu aligné ak b ak c ñoo def configuration bi,audio/T007_normalise.wav,0,,2,sommet x1; alignés x1,0.5882,yu somma a ak point d ak yu ay ñe ak b ak c ñoo def configuration bi,audio/T007_lexique.wav
C003,"Hauteur bi mooy racine carrée bu 5² − 1,4² = 23,04, maanaam 4,8 mètres.",0,,1,racine carrée x1,0.5200,hauteur bi mooy racine carré bu 5 au carré moins 1 4 au carré égal 23 04 maanaam 4 virgule 8 mètre,audio/C003_normalise.wav,0,,2,hauteur x1; racine carrée x1,0.7600,batër bi mooy racine carré bu 5 au carré masse 1 4 au carré égal 20 3 04 maanaam 4 8 mètres,audio/C003_lexique.wav
P021,"Seetal longueur côté bi ñàkk : hypoténuse bi 17 cm, beneen côté bi 8 cm.",0,,1,hypoténuse x1,0.5000,seetal longueur côté bi ñakk hypoténèse bi di sag centimètre beneen côté bi wii centimètre,audio/P021_normalise.wav,0,,1,hypoténuse x1,0.7857,seetal longueur côté bi ñakk ci côté neef bi 17 centimètres beneen côté bi 8 centimètres,audio/P021_lexique.wav
T015,"Ci réduction bi, bépp longueur dañu koy multiplier ak 0,6.",0,,1,réduction x1,0.5000,ci rédiksiyon bi bépp longueur day ko multiplier ak 0 6,audio/T015_normalise.wav,0,,1,réduction x1,0.5000,ci radixong bi bépp longueur dañu koy multiplié ak 0 6,audio/T015_lexique.wav
C013,"Buum bi dale ci kaw mât bi ba ci catu gaal gi, 8 m sori : seetal longueur buum bi.",0,,1,longueur x1,0.4737,buum bi dalee ci kaw mat bi toj kàttu gaal gi miin mbokk sooy seetal loŋg buum bi,audio/C013_normalise.wav,0,,1,longueur x1,0.5789,wuum bi dalé ci kaw mat bi ak ci catu gaal gi 8 mag sori te ta loŋ nga wuum bi,audio/C013_lexique.wav
P022,"Racine carrée bu 225 mooy 15, kon côté bi tollu na 15 cm.",0,,1,racine carrée x1,0.4667,racine taare bu 225 mooy 15 kon côté bi tollu na 15 centimètre,audio/P022_normalise.wav,0,,2,racine carrée x1; côté x1,0.7333,lasiin carré bu 225 mooy 15 kon cooté bi tollona 15 centimétre,audio/P022_lexique.wav
C001,"Échelle bu tollu 5 m dafa sukkandiku ci miir, tànk bi sori na miir 1,4 m. Ban hauteur la jot ?",0,,1,hauteur x1,0.4545,te cel bu tollu 5 metre dafa sukkandiku ci miir tàngaay bi sori na miir 1 4 metre ban xóotër la jot,audio/C001_normalise.wav,0,,1,hauteur x1,0.3182,echaal bu tollu 5 met dafa sukkandiku ci miir tank bi sori na miir 1 4 met ban bataar la jot,audio/C001_lexique.wav
P013,"√74 tollu na lu jege 8,6 cm, arrondi ci dixième.",0,,1,dixième x1,0.4000,racine carré de 64 tollu na lu jege 8 virgule ci centimètre arrondi ci dixièm,audio/P013_normalise.wav,1,racine racine x1,2,arrondi x1; dixième x1,0.6000,arnaay kaare de 64 tollu na lu jege 8 6 centimetres arondi ci diis yam,audio/P013_lexique.wav
