id,condition,element,valeur,attendu,reconnu,manquant
P002,normalise,point,AB,1,1,0
P002,normalise,point,ABC,1,0,1
P002,normalise,point,AC,1,1,0
P002,normalise,point,BC,1,1,0
P002,normalise,carre,carre,3,3,0
P002,normalise,egal,egal,1,0,1
P002,normalise,plus,plus,1,1,0
P002,lexique,point,AB,1,1,0
P002,lexique,point,ABC,1,0,1
P002,lexique,point,AC,1,1,0
P002,lexique,point,BC,1,1,0
P002,lexique,carre,carre,3,3,0
P002,lexique,egal,egal,1,0,1
P002,lexique,plus,plus,1,1,0
P004,normalise,point,BC,1,1,0
P004,lexique,point,BC,1,1,0
P006,normalise,point,DE,1,1,0
P006,normalise,point,DF,1,1,0
P006,normalise,point,EF,1,0,1
P006,normalise,carre,carre,3,3,0
P006,normalise,egal,egal,1,0,1
P006,normalise,plus,plus,1,1,0
P006,lexique,point,DE,1,0,1
P006,lexique,point,DF,1,0,1
P006,lexique,point,EF,1,0,1
P006,lexique,carre,carre,3,2,1
P006,lexique,egal,egal,1,1,0
P006,lexique,plus,plus,1,1,0
P007,normalise,point,AB,1,1,0
P007,normalise,point,ABC,1,1,0
P007,normalise,point,AC,1,0,1
P007,normalise,point,BC,1,1,0
P007,normalise,egal,egal,2,2,0
P007,lexique,point,AB,1,1,0
P007,lexique,point,ABC,1,1,0
P007,lexique,point,AC,1,1,0
P007,lexique,point,BC,1,0,1
P007,lexique,egal,egal,2,2,0
P008,normalise,point,BC,2,0,2
P008,normalise,carre,carre,3,3,0
P008,normalise,egal,egal,4,4,0
P008,normalise,plus,plus,2,2,0
P008,normalise,racine,racine,1,1,0
P008,lexique,point,BC,2,0,2
P008,lexique,carre,carre,3,3,0
P008,lexique,egal,egal,4,4,0
P008,lexique,plus,plus,2,2,0
P008,lexique,racine,racine,1,0,1
P009,normalise,point,RS,1,0,1
P009,normalise,point,RST,1,0,1
P009,normalise,point,ST,1,0,1
P009,normalise,egal,egal,2,1,1
P009,lexique,point,RS,1,0,1
P009,lexique,point,RST,1,0,1
P009,lexique,point,ST,1,0,1
P009,lexique,egal,egal,2,1,1
P010,normalise,point,RT,2,0,2
P010,normalise,carre,carre,3,2,1
P010,normalise,egal,egal,4,4,0
P010,normalise,plus,plus,2,2,0
P010,lexique,point,RT,2,0,2
P010,lexique,carre,carre,3,3,0
P010,lexique,egal,egal,4,4,0
P010,lexique,plus,plus,2,2,0
P012,normalise,racine,racine,1,1,0
P012,lexique,racine,racine,1,0,1
P013,normalise,racine,racine,1,1,0
P013,lexique,racine,racine,1,0,1
P014,normalise,point,AB,1,1,0
P014,normalise,egal,egal,1,1,0
P014,normalise,racine,racine,1,1,0
P014,lexique,point,AB,1,1,0
P014,lexique,egal,egal,1,1,0
P014,lexique,racine,racine,1,0,1
P016,normalise,carre,carre,3,3,0
P016,normalise,egal,egal,2,1,1
P016,normalise,plus,plus,1,0,1
P016,lexique,carre,carre,3,2,1
P016,lexique,egal,egal,2,2,0
P016,lexique,plus,plus,1,1,0
P017,normalise,point,DE,1,0,1
P017,normalise,point,DEF,1,0,1
P017,normalise,point,DF,1,0,1
P017,normalise,point,EF,1,0,1
P017,normalise,egal,egal,2,0,2
P017,lexique,point,DE,1,0,1
P017,lexique,point,DEF,1,1,0
P017,lexique,point,DF,1,1,0
P017,lexique,point,EF,1,0,1
P017,lexique,egal,egal,2,2,0
P018,normalise,point,DE,1,0,1
P018,normalise,point,DF,1,1,0
P018,normalise,point,EF,2,0,2
P018,normalise,carre,carre,3,3,0
P018,normalise,egal,egal,3,3,0
P018,lexique,point,DE,1,1,0
P018,lexique,point,DF,1,0,1
P018,lexique,point,EF,2,0,2
P018,lexique,carre,carre,3,0,3
P018,lexique,egal,egal,3,3,0
P019,normalise,point,GH,1,0,1
P019,normalise,point,GHK,1,0,1
P019,normalise,point,GK,1,1,0
P019,normalise,egal,egal,2,2,0
P019,lexique,point,GH,1,0,1
P019,lexique,point,GHK,1,0,1
P019,lexique,point,GK,1,1,0
P019,lexique,egal,egal,2,1,1
P020,normalise,point,HK,1,0,1
P020,normalise,carre,carre,2,2,0
P020,normalise,egal,egal,2,0,2
P020,normalise,racine,racine,2,2,0
P020,lexique,point,HK,1,0,1
P020,lexique,carre,carre,2,1,1
P020,lexique,egal,egal,2,2,0
P020,lexique,racine,racine,2,0,2
P023,normalise,point,AC,2,0,2
P023,normalise,carre,carre,3,2,1
P023,normalise,egal,egal,2,2,0
P023,lexique,point,AC,2,2,0
P023,lexique,carre,carre,3,0,3
P023,lexique,egal,egal,2,1,1
P024,normalise,point,AB,2,2,0
P024,normalise,point,AC,1,1,0
P024,normalise,point,BC,1,1,0
P024,normalise,carre,carre,3,3,0
P024,normalise,egal,egal,1,1,0
P024,lexique,point,AB,2,2,0
P024,lexique,point,AC,1,0,1
P024,lexique,point,BC,1,0,1
P024,lexique,carre,carre,3,2,1
P024,lexique,egal,egal,1,1,0
P025,normalise,point,MN,1,0,1
P025,normalise,point,MNP,1,0,1
P025,normalise,point,MP,1,1,0
P025,normalise,point,NP,1,0,1
P025,normalise,egal,egal,3,2,1
P025,lexique,point,MN,1,0,1
P025,lexique,point,MNP,1,0,1
P025,lexique,point,MP,1,1,0
P025,lexique,point,NP,1,0,1
P025,lexique,egal,egal,3,2,1
P027,normalise,point,MN,1,0,1
P027,normalise,carre,carre,1,1,0
P027,normalise,egal,egal,2,1,1
P027,lexique,point,MN,1,0,1
P027,lexique,carre,carre,1,1,0
P027,lexique,egal,egal,2,1,1
P028,normalise,point,MNP,1,0,1
P028,normalise,carre,carre,2,2,0
P028,normalise,egal,egal,2,2,0
P028,normalise,plus,plus,2,2,0
P028,lexique,point,MNP,1,0,1
P028,lexique,carre,carre,2,2,0
P028,lexique,egal,egal,2,1,1
P028,lexique,plus,plus,2,1,1
P029,normalise,point,IJ,1,0,1
P029,normalise,point,IJK,1,0,1
P029,normalise,point,IK,1,0,1
P029,normalise,point,JK,1,0,1
P029,normalise,egal,egal,3,2,1
P029,lexique,point,IJ,1,0,1
P029,lexique,point,IJK,1,0,1
P029,lexique,point,IK,1,0,1
P029,lexique,point,JK,1,0,1
P029,lexique,egal,egal,3,3,0
P031,normalise,point,IJ,1,0,1
P031,normalise,point,IJK,1,0,1
P031,normalise,point,IK,1,0,1
P031,normalise,point,JK,1,0,1
P031,normalise,carre,carre,3,3,0
P031,normalise,egal,egal,1,0,1
P031,normalise,plus,plus,1,1,0
P031,lexique,point,IJ,1,0,1
P031,lexique,point,IJK,1,0,1
P031,lexique,point,IK,1,0,1
P031,lexique,point,JK,1,0,1
P031,lexique,carre,carre,3,0,3
P031,lexique,egal,egal,1,1,0
P031,lexique,plus,plus,1,1,0
P033,normalise,point,AB,1,1,0
P033,normalise,point,AC,1,1,0
P033,normalise,point,BC,1,1,0
P033,normalise,carre,carre,3,3,0
P033,normalise,egal,egal,5,5,0
P033,normalise,plus,plus,1,1,0
P033,lexique,point,AB,1,1,0
P033,lexique,point,AC,1,1,0
P033,lexique,point,BC,1,1,0
P033,lexique,carre,carre,3,2,1
P033,lexique,egal,egal,5,5,0
P033,lexique,plus,plus,1,1,0
P034,normalise,point,ABC,1,1,0
P034,lexique,point,ABC,1,1,0
P037,normalise,point,EF,1,0,1
P037,normalise,point,EFG,1,0,1
P037,normalise,point,EG,1,0,1
P037,normalise,point,FG,1,0,1
P037,normalise,egal,egal,3,1,2
P037,lexique,point,EF,1,0,1
P037,lexique,point,EFG,1,0,1
P037,lexique,point,EG,1,0,1
P037,lexique,point,FG,1,1,0
P037,lexique,egal,egal,3,0,3
P038,normalise,carre,carre,3,0,3
P038,normalise,egal,egal,2,0,2
P038,normalise,plus,plus,1,0,1
P038,lexique,carre,carre,3,0,3
P038,lexique,egal,egal,2,0,2
P038,lexique,plus,plus,1,0,1
T001,normalise,point,AB,1,1,0
T001,normalise,point,ABC,1,1,0
T001,normalise,point,AC,1,1,0
T001,normalise,point,BC,1,1,0
T001,normalise,point,MN,1,0,1
T001,lexique,point,AB,1,1,0
T001,lexique,point,ABC,1,1,0
T001,lexique,point,AC,1,1,0
T001,lexique,point,BC,1,0,1
T001,lexique,point,MN,1,0,1
T002,normalise,point,BC,1,0,1
T002,normalise,point,MN,1,0,1
T002,lexique,point,BC,1,0,1
T002,lexique,point,MN,1,0,1
T004,normalise,point,AB,1,0,1
T004,normalise,point,AC,1,1,0
T004,normalise,point,BC,1,0,1
T004,normalise,point,MN,1,0,1
T004,lexique,point,AB,1,0,1
T004,lexique,point,AC,1,1,0
T004,lexique,point,BC,1,0,1
T004,lexique,point,MN,1,0,1
T005,normalise,point,ABC,1,1,0
T005,normalise,point,AMN,1,0,1
T005,lexique,point,ABC,1,0,1
T005,lexique,point,AMN,1,0,1
T008,normalise,point,BC,1,0,1
T008,normalise,point,DE,1,1,0
T008,lexique,point,BC,1,0,1
T008,lexique,point,DE,1,0,1
T009,normalise,point,AB,1,1,0
T009,normalise,point,AC,1,1,0
T009,normalise,point,AM,1,1,0
T009,normalise,point,AN,1,0,1
T009,normalise,point,BC,1,1,0
T009,normalise,point,MN,1,0,1
T009,normalise,egal,egal,2,2,0
T009,lexique,point,AB,1,1,0
T009,lexique,point,AC,1,1,0
T009,lexique,point,AM,1,1,0
T009,lexique,point,AN,1,0,1
T009,lexique,point,BC,1,1,0
T009,lexique,point,MN,1,0,1
T009,lexique,egal,egal,2,0,2
T010,normalise,point,AB,1,1,0
T010,normalise,point,AC,1,0,1
T010,normalise,point,AM,1,0,1
T010,normalise,point,AN,1,0,1
T010,normalise,point,BC,1,1,0
T010,normalise,point,MN,1,0,1
T010,lexique,point,AB,1,1,0
T010,lexique,point,AC,1,1,0
T010,lexique,point,AM,1,1,0
T010,lexique,point,AN,1,0,1
T010,lexique,point,BC,1,1,0
T010,lexique,point,MN,1,0,1
T012,normalise,point,ABC,1,1,0
T012,normalise,point,AMN,1,0,1
T012,lexique,point,ABC,1,1,0
T012,lexique,point,AMN,1,0,1
T013,normalise,point,AB,1,1,0
T013,normalise,point,AC,1,1,0
T013,normalise,point,AD,1,1,0
T013,normalise,point,AE,1,0,1
T013,normalise,point,BC,1,1,0
T013,normalise,point,DE,1,0,1
T013,normalise,egal,egal,2,2,0
T013,lexique,point,AB,1,1,0
T013,lexique,point,AC,1,1,0
T013,lexique,point,AD,1,1,0
T013,lexique,point,AE,1,0,1
T013,lexique,point,BC,1,1,0
T013,lexique,point,DE,1,0,1
T013,lexique,egal,egal,2,0,2
T014,normalise,point,AB,1,1,0
T014,normalise,point,AM,1,0,1
T014,normalise,egal,egal,2,2,0
T014,lexique,point,AB,1,1,0
T014,lexique,point,AM,1,0,1
T014,lexique,egal,egal,2,2,0
T016,normalise,point,BC,1,1,0
T016,normalise,point,DE,1,1,0
T016,lexique,point,BC,1,0,1
T016,lexique,point,DE,1,0,1
T017,normalise,point,AB,1,1,0
T017,normalise,point,AM,1,1,0
T017,normalise,point,BC,1,0,1
T017,normalise,point,MN,1,0,1
T017,normalise,egal,egal,3,3,0
T017,lexique,point,AB,1,1,0
T017,lexique,point,AM,1,0,1
T017,lexique,point,BC,1,1,0
T017,lexique,point,MN,1,0,1
T017,lexique,egal,egal,3,3,0
T018,normalise,point,MN,2,0,2
T018,normalise,egal,egal,3,3,0
T018,lexique,point,MN,2,0,2
T018,lexique,egal,egal,3,1,2
T019,normalise,point,AN,1,0,1
T019,normalise,egal,egal,2,1,1
T019,lexique,point,AN,1,0,1
T019,lexique,egal,egal,2,1,1
T020,normalise,point,AB,1,1,0
T020,normalise,point,AC,1,0,1
T020,normalise,point,AD,1,1,0
T020,normalise,point,AE,1,0,1
T020,normalise,egal,egal,3,3,0
T020,lexique,point,AB,1,1,0
T020,lexique,point,AC,1,0,1
T020,lexique,point,AD,1,1,0
T020,lexique,point,AE,1,0,1
T020,lexique,egal,egal,3,0,3
T021,normalise,point,AB,1,0,1
T021,normalise,point,AC,2,2,0
T021,normalise,point,AD,1,1,0
T021,normalise,point,AE,1,0,1
T021,normalise,egal,egal,4,4,0
T021,lexique,point,AB,1,1,0
T021,lexique,point,AC,2,2,0
T021,lexique,point,AD,1,1,0
T021,lexique,point,AE,1,1,0
T021,lexique,egal,egal,4,4,0
T022,normalise,point,AB,1,0,1
T022,normalise,point,AM,1,1,0
T022,lexique,point,AB,1,1,0
T022,lexique,point,AM,1,0,1
T023,normalise,point,AB,1,1,0
T023,normalise,point,AM,1,1,0
T023,normalise,point,MN,1,0,1
T023,normalise,egal,egal,4,4,0
T023,lexique,point,AB,1,1,0
T023,lexique,point,AM,1,1,0
T023,lexique,point,MN,1,0,1
T023,lexique,egal,egal,4,3,1
T024,normalise,point,AB,1,1,0
T024,normalise,point,AD,1,1,0
T024,normalise,point,BC,1,0,1
T024,normalise,point,DE,1,0,1
T024,normalise,egal,egal,2,2,0
T024,lexique,point,AB,1,1,0
T024,lexique,point,AD,1,1,0
T024,lexique,point,BC,1,1,0
T024,lexique,point,DE,1,0,1
T024,lexique,egal,egal,2,2,0
T025,normalise,point,DE,1,0,1
T025,normalise,egal,egal,2,1,1
T025,lexique,point,DE,1,0,1
T025,lexique,egal,egal,2,1,1
T026,normalise,point,MN,1,0,1
T026,normalise,egal,egal,1,1,0
T026,lexique,point,MN,1,0,1
T026,lexique,egal,egal,1,0,1
T028,normalise,point,AB,2,2,0
T028,normalise,point,AM,1,1,0
T028,normalise,egal,egal,1,1,0
T028,lexique,point,AB,2,1,1
T028,lexique,point,AM,1,1,0
T028,lexique,egal,egal,1,1,0
T029,normalise,point,AB,1,0,1
T029,normalise,point,AC,1,0,1
T029,normalise,point,BC,2,1,1
T029,normalise,point,MN,2,0,2
T029,normalise,egal,egal,1,0,1
T029,lexique,point,AB,1,1,0
T029,lexique,point,AC,1,1,0
T029,lexique,point,BC,2,2,0
T029,lexique,point,MN,2,0,2
T029,lexique,egal,egal,1,0,1
T030,normalise,point,BC,1,1,0
T030,normalise,point,MN,1,0,1
T030,lexique,point,BC,1,0,1
T030,lexique,point,MN,1,0,1
T031,normalise,point,AB,1,1,0
T031,normalise,point,AC,1,1,0
T031,normalise,point,AM,1,1,0
T031,normalise,point,AN,1,0,1
T031,normalise,point,BC,1,1,0
T031,normalise,point,MN,1,0,1
T031,normalise,egal,egal,4,2,2
T031,lexique,point,AB,1,0,1
T031,lexique,point,AC,1,1,0
T031,lexique,point,AM,1,1,0
T031,lexique,point,AN,1,0,1
T031,lexique,point,BC,1,1,0
T031,lexique,point,MN,1,0,1
T031,lexique,egal,egal,4,4,0
T035,normalise,point,AB,1,1,0
T035,normalise,point,AC,1,1,0
T035,normalise,point,AD,1,1,0
T035,normalise,point,AE,1,1,0
T035,normalise,egal,egal,4,4,0
T035,lexique,point,AB,1,0,1
T035,lexique,point,AC,1,0,1
T035,lexique,point,AD,1,0,1
T035,lexique,point,AE,1,0,1
T035,lexique,egal,egal,4,0,4
T036,normalise,point,BC,1,1,0
T036,normalise,point,DE,1,1,0
T036,lexique,point,BC,1,1,0
T036,lexique,point,DE,1,0,1
T038,normalise,point,AB,1,1,0
T038,normalise,point,AC,1,1,0
T038,normalise,point,AM,1,1,0
T038,normalise,point,AN,1,0,1
T038,normalise,egal,egal,4,4,0
T038,lexique,point,AB,1,1,0
T038,lexique,point,AC,1,0,1
T038,lexique,point,AM,1,1,0
T038,lexique,point,AN,1,0,1
T038,lexique,egal,egal,4,4,0
T039,normalise,point,AH,2,0,2
T039,normalise,point,BC,2,1,1
T039,normalise,point,MK,2,0,2
T039,lexique,point,AH,2,0,2
T039,lexique,point,BC,2,2,0
T039,lexique,point,MK,2,0,2
C003,normalise,carre,carre,2,2,0
C003,normalise,egal,egal,1,1,0
C003,lexique,carre,carre,2,2,0
C003,lexique,egal,egal,1,1,0
C005,normalise,carre,carre,2,2,0
C005,normalise,plus,plus,1,0,1
C005,normalise,racine,racine,1,1,0
C005,lexique,carre,carre,2,1,1
C005,lexique,plus,plus,1,1,0
C005,lexique,racine,racine,1,0,1
C008,normalise,carre,carre,2,2,0
C008,normalise,plus,plus,1,0,1
C008,normalise,racine,racine,1,1,0
C008,lexique,carre,carre,2,2,0
C008,lexique,plus,plus,1,1,0
C008,lexique,racine,racine,1,0,1
C011,normalise,egal,egal,1,0,1
C011,lexique,egal,egal,1,1,0
C014,normalise,carre,carre,2,2,0
C014,normalise,egal,egal,1,1,0
C014,normalise,plus,plus,1,0,1
C014,normalise,racine,racine,1,1,0
C014,lexique,carre,carre,2,2,0
C014,lexique,egal,egal,1,1,0
C014,lexique,plus,plus,1,1,0
C014,lexique,racine,racine,1,0,1
C015,normalise,carre,carre,2,2,0
C015,normalise,plus,plus,1,0,1
C015,normalise,racine,racine,1,1,0
C015,lexique,carre,carre,2,2,0
C015,lexique,plus,plus,1,1,0
C015,lexique,racine,racine,1,0,1
C018,normalise,racine,racine,1,0,1
C018,lexique,racine,racine,1,0,1
C020,normalise,carre,carre,3,3,0
C020,normalise,egal,egal,1,1,0
C020,normalise,plus,plus,1,1,0
C020,lexique,carre,carre,3,0,3
C020,lexique,egal,egal,1,0,1
C020,lexique,plus,plus,1,0,1
