id,condition,nombres_attendus,nombres_retrouves,elements_formule_attendus,elements_formule_retrouves
P001,brut,0,0,0,0
P001,normalise,0,0,0,0
P001,lexique,0,0,0,0
P002,brut,0,0,9,1
P002,normalise,0,0,9,7
P002,lexique,0,0,9,7
P003,brut,0,0,0,0
P003,normalise,0,0,0,0
P003,lexique,0,0,0,0
P004,brut,0,0,1,0
P004,normalise,0,0,1,1
P004,lexique,0,0,1,1
P005,brut,0,0,0,0
P005,normalise,0,0,0,0
P005,lexique,0,0,0,0
P006,brut,0,0,8,1
P006,normalise,0,0,8,6
P006,lexique,0,0,8,4
P007,brut,2,0,6,1
P007,normalise,2,1,6,5
P007,lexique,2,2,6,5
P008,brut,8,0,12,1
P008,normalise,8,8,12,10
P008,lexique,8,8,12,9
P009,brut,4,2,5,0
P009,normalise,4,4,5,1
P009,lexique,4,4,5,1
P010,brut,10,2,11,0
P010,normalise,10,7,11,8
P010,lexique,10,10,11,9
P011,brut,2,1,0,0
P011,normalise,2,2,0,0
P011,lexique,2,1,0,0
P012,brut,3,2,1,0
P012,normalise,3,2,1,1
P012,lexique,3,2,1,0
P013,brut,3,0,1,0
P013,normalise,3,1,1,1
P013,lexique,3,2,1,0
P014,brut,3,0,3,1
P014,normalise,3,3,3,3
P014,lexique,3,3,3,2
P015,brut,2,0,0,0
P015,normalise,2,1,0,0
P015,lexique,2,2,0,0
P016,brut,5,0,6,0
P016,normalise,5,1,6,4
P016,lexique,5,2,6,5
P017,brut,2,1,6,1
P017,normalise,2,0,6,0
P017,lexique,2,2,6,4
P018,brut,5,0,10,1
P018,normalise,5,5,10,7
P018,lexique,5,4,10,4
P019,brut,4,4,5,0
P019,normalise,4,3,5,3
P019,lexique,4,4,5,2
P020,brut,6,1,7,0
P020,normalise,6,3,7,4
P020,lexique,6,4,7,3
P021,brut,2,0,0,0
P021,normalise,2,0,0,0
P021,lexique,2,2,0,0
P022,brut,3,0,0,0
P022,normalise,3,3,0,0
P022,lexique,3,3,0,0
P023,brut,5,2,7,0
P023,normalise,5,4,7,4
P023,lexique,5,5,7,3
P024,brut,0,0,8,2
P024,normalise,0,0,8,8
P024,lexique,0,0,8,5
P025,brut,3,0,7,0
P025,normalise,3,3,7,3
P025,lexique,3,1,7,3
P026,brut,0,0,0,0
P026,normalise,0,0,0,0
P026,lexique,0,0,0,0
P027,brut,3,0,4,0
P027,normalise,3,3,4,2
P027,lexique,3,3,4,2
P028,brut,5,0,7,0
P028,normalise,5,2,7,6
P028,lexique,5,3,7,4
P029,brut,5,4,7,0
P029,normalise,5,5,7,2
P029,lexique,5,5,7,3
P030,brut,0,0,0,0
P030,normalise,0,0,0,0
P030,lexique,0,0,0,0
P031,brut,0,0,9,1
P031,normalise,0,0,9,4
P031,lexique,0,0,9,2
P032,brut,0,0,0,0
P032,normalise,0,0,0,0
P032,lexique,0,0,0,0
P033,brut,8,2,12,0
P033,normalise,8,5,12,12
P033,lexique,8,6,12,11
P034,brut,2,0,1,0
P034,normalise,2,1,1,1
P034,lexique,2,1,1,1
P035,brut,0,0,0,0
P035,normalise,0,0,0,0
P035,lexique,0,0,0,0
P036,brut,0,0,0,0
P036,normalise,0,0,0,0
P036,lexique,0,0,0,0
P037,brut,6,1,7,0
P037,normalise,6,5,7,1
P037,lexique,6,6,7,1
P038,brut,9,1,6,0
P038,normalise,9,9,6,0
P038,lexique,9,1,6,0
P039,brut,0,0,0,0
P039,normalise,0,0,0,0
P039,lexique,0,0,0,0
P040,brut,0,0,0,0
P040,normalise,0,0,0,0
P040,lexique,0,0,0,0
T001,brut,0,0,5,0
T001,normalise,0,0,5,4
T001,lexique,0,0,5,3
T002,brut,0,0,2,0
T002,normalise,0,0,2,0
T002,lexique,0,0,2,0
T003,brut,0,0,0,0
T003,normalise,0,0,0,0
T003,lexique,0,0,0,0
T004,brut,0,0,4,0
T004,normalise,0,0,4,1
T004,lexique,0,0,4,1
T005,brut,0,0,2,0
T005,normalise,0,0,2,1
T005,lexique,0,0,2,0
T006,brut,0,0,0,0
T006,normalise,0,0,0,0
T006,lexique,0,0,0,0
T007,brut,0,0,0,0
T007,normalise,0,0,0,0
T007,lexique,0,0,0,0
T008,brut,0,0,2,0
T008,normalise,0,0,2,1
T008,lexique,0,0,2,0
T009,brut,0,0,8,2
T009,normalise,0,0,8,6
T009,lexique,0,0,8,4
T010,brut,0,0,6,2
T010,normalise,0,0,6,2
T010,lexique,0,0,6,4
T011,brut,0,0,0,0
T011,normalise,0,0,0,0
T011,lexique,0,0,0,0
T012,brut,0,0,2,0
T012,normalise,0,0,2,1
T012,lexique,0,0,2,1
T013,brut,0,0,8,1
T013,normalise,0,0,8,6
T013,lexique,0,0,8,4
T014,brut,4,2,4,2
T014,normalise,4,4,4,3
T014,lexique,4,1,4,3
T015,brut,2,1,0,0
T015,normalise,2,2,0,0
T015,lexique,2,2,0,0
T016,brut,0,0,2,0
T016,normalise,0,0,2,2
T016,lexique,0,0,2,0
T017,brut,5,1,7,2
T017,normalise,5,4,7,5
T017,lexique,5,5,7,5
T018,brut,11,0,5,0
T018,normalise,11,10,5,3
T018,lexique,11,10,5,1
T019,brut,4,1,3,0
T019,normalise,4,4,3,1
T019,lexique,4,3,3,1
T020,brut,3,0,7,1
T020,normalise,3,3,7,5
T020,lexique,3,3,7,2
T021,brut,6,1,9,1
T021,normalise,6,6,9,7
T021,lexique,6,6,9,9
T022,brut,4,3,2,1
T022,normalise,4,4,2,1
T022,lexique,4,4,2,1
T023,brut,10,3,7,2
T023,normalise,10,10,7,6
T023,lexique,10,10,7,5
T024,brut,3,0,6,2
T024,normalise,3,3,6,4
T024,lexique,3,3,6,5
T025,brut,4,3,3,0
T025,normalise,4,2,3,1
T025,lexique,4,3,3,1
T026,brut,4,1,2,0
T026,normalise,4,4,2,1
T026,lexique,4,4,2,0
T027,brut,4,1,0,0
T027,normalise,4,3,0,0
T027,lexique,4,2,0,0
T028,brut,2,0,4,2
T028,normalise,2,2,4,4
T028,lexique,2,1,4,3
T029,brut,1,0,7,0
T029,normalise,1,1,7,1
T029,lexique,1,0,7,4
T030,brut,4,1,2,0
T030,normalise,4,3,2,1
T030,lexique,4,4,2,0
T031,brut,10,0,10,0
T031,normalise,10,10,10,6
T031,lexique,10,10,10,7
T032,brut,0,0,0,0
T032,normalise,0,0,0,0
T032,lexique,0,0,0,0
T033,brut,0,0,0,0
T033,normalise,0,0,0,0
T033,lexique,0,0,0,0
T034,brut,0,0,0,0
T034,normalise,0,0,0,0
T034,lexique,0,0,0,0
T035,brut,9,4,8,1
T035,normalise,9,9,8,8
T035,lexique,9,0,8,0
T036,brut,0,0,2,1
T036,normalise,0,0,2,2
T036,lexique,0,0,2,1
T037,brut,0,0,0,0
T037,normalise,0,0,0,0
T037,lexique,0,0,0,0
T038,brut,8,5,8,2
T038,normalise,8,6,8,7
T038,lexique,8,7,8,6
T039,brut,0,0,6,0
T039,normalise,0,0,6,1
T039,lexique,0,0,6,2
T040,brut,0,0,0,0
T040,normalise,0,0,0,0
T040,lexique,0,0,0,0
C001,brut,3,0,0,0
C001,normalise,3,3,0,0
C001,lexique,3,3,0,0
C002,brut,0,0,0,0
C002,normalise,0,0,0,0
C002,lexique,0,0,0,0
C003,brut,7,2,3,0
C003,normalise,7,7,3,3
C003,lexique,7,6,3,3
C004,brut,2,0,0,0
C004,normalise,2,2,0,0
C004,lexique,2,1,0,0
C005,brut,4,0,4,0
C005,normalise,4,3,4,3
C005,lexique,4,4,4,2
C006,brut,0,0,0,0
C006,normalise,0,0,0,0
C006,lexique,0,0,0,0
C007,brut,3,2,0,0
C007,normalise,3,2,0,0
C007,lexique,3,3,0,0
C008,brut,5,1,4,0
C008,normalise,5,4,4,3
C008,lexique,5,5,4,3
C009,brut,4,1,0,0
C009,normalise,4,4,0,0
C009,lexique,4,4,0,0
C010,brut,0,0,0,0
C010,normalise,0,0,0,0
C010,lexique,0,0,0,0
C011,brut,5,0,1,0
C011,normalise,5,2,1,0
C011,lexique,5,5,1,1
C012,brut,1,0,0,0
C012,normalise,1,1,0,0
C012,lexique,1,1,0,0
C013,brut,1,0,0,0
C013,normalise,1,0,0,0
C013,lexique,1,1,0,0
C014,brut,3,1,5,0
C014,normalise,3,2,5,4
C014,lexique,3,2,5,4
C015,brut,4,0,4,0
C015,normalise,4,4,4,3
C015,lexique,4,3,4,3
C016,brut,2,0,0,0
C016,normalise,2,2,0,0
C016,lexique,2,2,0,0
C017,brut,1,0,0,0
C017,normalise,1,0,0,0
C017,lexique,1,1,0,0
C018,brut,4,1,1,0
C018,normalise,4,4,1,0
C018,lexique,4,3,1,0
C019,brut,3,2,0,0
C019,normalise,3,3,0,0
C019,lexique,3,2,0,0
C020,brut,4,2,5,0
C020,normalise,4,1,5,5
C020,lexique,4,4,5,0
